{"last_tab":"","less_design":"1","body_layout":"wide","body_background":{"background-color":"#ffffff","background-repeat":"","background-size":"","background-attachment":"","background-position":"","background-image":"","media":{"id":"","height":"","width":"","thumbnail":""}},"page_loader":"1","smooth_scroll":"0","style_selector":"0","preset_color":"default","main_color":"#fb383b","main_color_preset1":"#0DBF9B","main_color_preset2":"#2C8DFF","main_color_preset3":"#C7AF8D","main_color_preset4":"#F8BA01","main_color_preset5":"#A5B800","body_font":{"font-family":"Lato","font-options":"","google":"1","font-backup":"","font-weight":"400","font-style":"","subsets":"","text-align":"","font-size":"15px","line-height":"28px","letter-spacing":"0.48px","color":"#555555"},"h1_font":{"font-family":"Hind","font-options":"","google":"1","font-backup":"","font-weight":"700","font-style":"","subsets":"","text-align":"","font-size":"42px","line-height":"60px","letter-spacing":"0.64px","color":"#282828"},"h2_font":{"font-family":"Hind","font-options":"","google":"1","font-backup":"","font-weight":"700","font-style":"","subsets":"","text-align":"","font-size":"36px","line-height":"42px","letter-spacing":"0.64px","color":"#282828"},"tb_h3_font":{"font-family":"Hind","font-options":"","google":"1","font-backup":"","font-weight":"700","font-style":"","subsets":"","text-align":"","font-size":"24px","line-height":"36px","letter-spacing":"0.64px","color":"#282828"},"h4_font":{"font-family":"Hind","font-options":"","google":"1","font-backup":"","font-weight":"700","font-style":"","subsets":"","text-align":"","font-size":"18px","line-height":"24px","letter-spacing":"0.64px","color":"#282828"},"h5_font":{"font-family":"Hind","font-options":"","google":"1","font-backup":"","font-weight":"700","font-style":"","subsets":"","text-align":"","font-size":"16px","line-height":"18px","letter-spacing":"0.64px","color":"#282828"},"h6_font":{"font-family":"Hind","font-options":"","google":"1","font-backup":"","font-weight":"700","font-style":"","subsets":"","text-align":"","font-size":"14px","line-height":"16px","letter-spacing":"0.64px","color":"#282828"},"tb_logo":{"url":"http://theme.bearsthemes.com/wordpress/beoreo/wp-content/themes/beoreo/assets/images/logo-white.png","id":"","height":"","width":"","thumbnail":""},"tb_logo_stick":{"url":"http://theme.bearsthemes.com/wordpress/beoreo/wp-content/themes/beoreo/assets/images/logo-dark.png","id":"","height":"","width":"","thumbnail":""},"tb_header_layout":"header-v1","fixed_main_menu_v1":"1","stick_main_menu_v1":"1","first_level_style_main_menu_v1":"line","menu_first_level":{"font-family":"Lato","font-options":"","google":"1","font-backup":"","font-weight":"700","font-style":"","subsets":"","text-align":"","font-size":"13px","line-height":"95px","letter-spacing":"1.28px","color":"#ffffff"},"stick_menu_first_level":{"font-family":"Lato","font-options":"","google":"1","font-backup":"","font-weight":"700","font-style":"","subsets":"","text-align":"","font-size":"13px","line-height":"95px","letter-spacing":"1.28px","color":"#333333"},"menu_sub_level":{"font-family":"Lato","font-options":"","google":"1","font-backup":"","font-weight":"400","font-style":"","subsets":"","text-align":"","font-size":"13px","line-height":"14px","letter-spacing":"0.96px","color":"#b5b5b5"},"bg_main_menu_v1":{"background-color":"transparent","background-repeat":"","background-size":"","background-attachment":"","background-position":"","background-image":"","media":{"id":"","height":"","width":"","thumbnail":""}},"bg_main_menu_sub_level_v1":{"background-color":"#252525","background-repeat":"","background-size":"","background-attachment":"","background-position":"","background-image":"","media":{"id":"","height":"","width":"","thumbnail":""}},"bg_stick_main_menu_v1":{"background-color":"rgba(255,255,255,0.9)","background-repeat":"","background-size":"","background-attachment":"","background-position":"","background-image":"","media":{"id":"","height":"","width":"","thumbnail":""}},"fixed_main_menu_v2":"1","stick_main_menu_v2":"1","menu_first_level_v2":{"font-family":"Montserrat","font-options":"","google":"1","font-backup":"","font-weight":"400","font-style":"","subsets":"latin","text-align":"","font-size":"13px","line-height":"71px","letter-spacing":"1.6px","color":"#ffffff"},"stick_menu_first_level_v2":{"font-family":"Montserrat","font-options":"","google":"1","font-backup":"","font-weight":"400","font-style":"","subsets":"latin","text-align":"","font-size":"13px","line-height":"71px","letter-spacing":"1.6px","color":"#333333"},"menu_sub_level_v2":{"font-family":"Lato","font-options":"","google":"1","font-backup":"","font-weight":"400","font-style":"","subsets":"","text-align":"","font-size":"13px","line-height":"14px","letter-spacing":"0.96px","color":"#b5b5b5"},"bg_main_menu_v2":{"background-color":"transparent","background-repeat":"","background-size":"","background-attachment":"","background-position":"","background-image":"","media":{"id":"","height":"","width":"","thumbnail":""}},"bg_main_menu_sub_level_v2":{"background-color":"#252525","background-repeat":"","background-size":"","background-attachment":"","background-position":"","background-image":"","media":{"id":"","height":"","width":"","thumbnail":""}},"bg_stick_main_menu_v2":{"background-color":"rgba(255,255,255,0.9)","background-repeat":"","background-size":"","background-attachment":"","background-position":"","background-image":"","media":{"id":"","height":"","width":"","thumbnail":""}},"fixed_main_menu_v3":"","stick_main_menu_v3":"1","menu_first_level_v3":{"font-family":"Montserrat","font-options":"","google":"1","font-backup":"","font-weight":"400","font-style":"","subsets":"latin","text-align":"","font-size":"13px","line-height":"71px","letter-spacing":"1.6px","color":"#333333"},"stick_menu_first_level_v3":{"font-family":"Montserrat","font-options":"","google":"1","font-backup":"","font-weight":"400","font-style":"","subsets":"latin","text-align":"","font-size":"13px","line-height":"71px","letter-spacing":"1.6px","color":"#333333"},"menu_sub_level_v3":{"font-family":"Lato","font-options":"","google":"1","font-backup":"","font-weight":"400","font-style":"","subsets":"","text-align":"","font-size":"13px","line-height":"14px","letter-spacing":"0.96px","color":"#b5b5b5"},"bg_main_menu_v3":{"background-color":"transparent","background-repeat":"","background-size":"","background-attachment":"","background-position":"","background-image":"","media":{"id":"","height":"","width":"","thumbnail":""}},"bg_main_menu_sub_level_v3":{"background-color":"#252525","background-repeat":"","background-size":"","background-attachment":"","background-position":"","background-image":"","media":{"id":"","height":"","width":"","thumbnail":""}},"bg_stick_main_menu_v3":{"background-color":"rgba(255,255,255,0.9)","background-repeat":"","background-size":"","background-attachment":"","background-position":"","background-image":"","media":{"id":"","height":"","width":"","thumbnail":""}},"menu_first_level_canvas":{"font-family":"Hind","font-options":"","google":"1","font-backup":"","font-weight":"600","font-style":"","subsets":"","text-align":"","font-size":"14px","line-height":"34px","letter-spacing":"1.28px","color":"#ffffff"},"menu_sub_level1_canvas":{"font-family":"Hind","font-options":"","google":"1","font-backup":"","font-weight":"400","font-style":"","subsets":"","text-align":"","font-size":"13px","line-height":"24px","letter-spacing":"0.64px","color":"#bfbebe"},"menu_sub_level2_canvas":{"font-family":"Hind","font-options":"","google":"1","font-backup":"","font-weight":"400","font-style":"","subsets":"","text-align":"","font-size":"12px","line-height":"24px","letter-spacing":"0.64px","color":"#aaaaaa"},"bg_main_menu_canvas":{"background-color":"#000000","background-repeat":"no-repeat","background-size":"cover","background-attachment":"","background-position":"center center","background-image":"http://theme.bearsthemes.com/wordpress/beoreo/wp-content/uploads/2016/04/bg_header_canvas.jpg","media":{"id":"","height":"","width":"","thumbnail":""}},"tb_footer_layout":"footer-v1","tb_footer_top_margin":{"margin-top":"0","margin-right":"0","margin-bottom":"0","margin-left":"0","units":"px"},"tb_footer_top_padding":{"padding-top":"70px","padding-right":"0","padding-bottom":"70px","padding-left":"0","units":"px"},"tb_footer_top_backgroud":{"background-color":"#282828","background-repeat":"","background-size":"","background-attachment":"","background-position":"","background-image":"","media":{"id":"","height":"","width":"","thumbnail":""}},"tb_footer_bottom_padding":{"padding-top":"15px","padding-right":"0","padding-bottom":"15px","padding-left":"0","units":"px"},"tb_footer_bottom_backgroud":{"background-color":"#1c1c1c","background-repeat":"","background-size":"","background-attachment":"","background-position":"","background-image":"","media":{"id":"","height":"","width":"","thumbnail":""}},"tb_footer_v2_top_margin":{"margin-top":"0","margin-right":"0","margin-bottom":"0","margin-left":"0","units":"px"},"tb_footer_v2_top_padding":{"padding-top":"70px","padding-right":"40px","padding-bottom":"70px","padding-left":"40px","units":"px"},"tb_footer_v2_top_backgroud":{"background-color":"#282828","background-repeat":"","background-size":"","background-attachment":"","background-position":"","background-image":"","media":{"id":"","height":"","width":"","thumbnail":""}},"tb_footer_v2_bottom_padding":{"padding-top":"16px","padding-right":"0","padding-bottom":"16px","padding-left":"0","units":"px"},"tb_footer_v2_bottom_backgroud":{"background-color":"#2c2c2c","background-repeat":"","background-size":"","background-attachment":"","background-position":"","background-image":"","media":{"id":"","height":"","width":"","thumbnail":""}},"title_bar_margin":{"margin-top":"0","margin-right":"0","margin-bottom":"90px","margin-left":"0","units":"px"},"title_bar_padding":{"padding-top":"220px","padding-right":"0","padding-bottom":"120px","padding-left":"0","units":"px"},"tb_title_bar_bg":{"background-color":"#222222","background-repeat":"no-repeat","background-size":"cover","background-attachment":"fixed","background-position":"center center","background-image":"http://theme.bearsthemes.com/wordpress/beoreo/wp-content/themes/beoreo/assets/images/bg-titlebar.jpg","media":{"id":"","height":"","width":"","thumbnail":""}},"title_bar_heading":{"font-family":"Lato","font-options":"","google":"1","font-backup":"","font-weight":"900","font-style":"","subsets":"","text-align":"","font-size":"50px","line-height":"65px","letter-spacing":"4.6px","color":"#ffffff"},"title_bar_path":{"font-family":"Crimson Text","font-options":"","google":"1","font-backup":"","font-weight":"400","font-style":"italic","subsets":"latin","text-align":"","font-size":"20px","line-height":"24px","letter-spacing":"0.64px","color":"#ffffff"},"title_bar_subtext":"","title_bar_subtext_format":{"font-family":"Hind","font-options":"","google":"1","font-backup":"","font-weight":"400","font-style":"","subsets":"","text-align":"","font-size":"16px","line-height":"24px","letter-spacing":"0.64px","color":"#ffffff"},"page_breadcrumb_delimiter":"-","tb_blog_post_title_bar_bg":{"background-color":"#222222","background-repeat":"no-repeat","background-size":"cover","background-attachment":"fixed","background-position":"center center","background-image":"http://theme.bearsthemes.com/wordpress/beoreo/wp-content/uploads/2016/05/bg-titlebar8.jpg","media":{"id":"","height":"","width":"","thumbnail":""}},"tb_post_title_bar_bg":{"background-color":"#222222","background-repeat":"no-repeat","background-size":"cover","background-attachment":"fixed","background-position":"center center","background-image":"http://theme.bearsthemes.com/wordpress/beoreo/wp-content/uploads/2016/05/bg-titlebar14.jpg","media":{"id":"","height":"","width":"","thumbnail":""}},"tb_archive_product_title_bar_bg":{"background-color":"#222222","background-repeat":"no-repeat","background-size":"cover","background-attachment":"fixed","background-position":"center center","background-image":"http://theme.bearsthemes.com/wordpress/beoreo/wp-content/uploads/2016/05/bg-titlebar12.jpg","media":{"id":"","height":"","width":"","thumbnail":""}},"tb_product_title_bar_bg":{"background-color":"#222222","background-repeat":"no-repeat","background-size":"cover","background-attachment":"fixed","background-position":"center center","background-image":"http://theme.bearsthemes.com/wordpress/beoreo/wp-content/uploads/2016/05/bg-titlebar2.jpg","media":{"id":"","height":"","width":"","thumbnail":""}},"tb_blog_layout":"2cr","tb_blog_left_sidebar_col":"col-xs-12 col-sm-12 col-md-3 col-lg-3","tb_blog_content_col":"col-xs-12 col-sm-12 col-md-8 col-lg-8","tb_blog_right_siedebar_col":"col-xs-12 col-sm-12 col-md-4 col-lg-4","tb_blog_post_readmore_text":"READMORE","tb_post_layout":"2cr","tb_post_left_sidebar_col":"col-xs-12 col-sm-12 col-md-3 col-lg-3","tb_post_content_col":"col-xs-12 col-sm-12 col-md-7 col-lg-8","tb_post_right_siedebar_col":"col-xs-12 col-xs-offset-0 col-sm-8 col-sm-offset-2 col-md-5 col-md-offset-0 col-lg-4 col-lg-offset-0","tb_post_show_post_nav":"1","tb_post_show_post_author":"1","tb_post_show_post_comment":"1","page_comment":"0","custom_css_code":"@import url(https://fonts.googleapis.com/css?family=Hind:300,400,700,500,600);\r\n@import url(https://fonts.googleapis.com/css?family=Poppins:400,700,600);\r\n@import url(https://fonts.googleapis.com/css?family=Open+Sans:400,600,700);\r\n@import url(https://fonts.googleapis.com/css?family=Lato:400,400italic,700,700italic,900);\r\n@import url(https://fonts.googleapis.com/css?family=Crimson+Text:700italic,600italic,400italic,400);","redux-backup":1}