{"bearstheme-main-sidebar":{"bt_news_tabs_widget-2":{"posts":"3","extra_class":null},"categories-2":{"title":"By Categories","count":1,"hierarchical":0,"dropdown":0},"bt_news_slider-2":{"title":"Features post","category":"","posts_per_page":"3","orderby":"none","order":"none","el_class":""},"social_widget-7":{"icon_social_1":"fa fa-twitter","link_social_1":"#","icon_social_2":"fa fa-facebook","link_social_2":"#","icon_social_3":"fa fa-dribbble","link_social_3":"#","icon_social_4":"fa fa-instagram","link_social_4":"#","icon_social_5":"fa fa-pinterest","link_social_5":"#","icon_social_6":"fa fa-apple","link_social_6":"#","title":"Social media","el_class":"","icon_social_7":"fa fa-tumblr","link_social_7":"#","icon_social_8":"fa fa-skype","link_social_8":"#","icon_social_9":"fa fa-flickr","link_social_9":"#","icon_social_10":"fa fa-youtube","link_social_10":"#","icon_social_11":"fa fa-dropbox","link_social_11":"#","icon_social_12":"fa fa-foursquare","link_social_12":"#"}},"bearstheme-header-top-widget":{"social_widget-2":{"icon_social_1":"fa fa-facebook","link_social_1":"#","icon_social_2":"fa fa-twitter","link_social_2":"#","icon_social_3":"fa fa-google-plus","link_social_3":"#","icon_social_4":"fa fa-linkedin","link_social_4":"#","icon_social_5":"fa fa-dribbble","link_social_5":"#","icon_social_6":"","link_social_6":"","title":"","el_class":""}},"bearstheme-header-top-widget-2":{"nav_menu-2":{"nav_menu":79}},"bearstheme-menu-right-sidebar":{"bt_widget_mini_cart-2":{"title":"","hide_if_empty":0},"text-3":{"title":"","text":"<div class=\"bt-search-sidebar\">\r\n<a href=\"javascript:void(0)\"><i class=\"fa fa-search\"><\/i><\/a>\r\n<\/div>","filter":false},"search-3":{"title":""}},"bearstheme-menu-right-sidebar-2":{"bt_widget_mini_cart-3":{"title":"","hide_if_empty":0},"text-16":{"title":"","text":"<div class=\"bt-search-sidebar\">\r\n<a href=\"javascript:void(0)\"><i class=\"fa fa-search\"><\/i><\/a>\r\n<\/div>","filter":false},"search-4":{"title":""}},"bearstheme-menu-right-sidebar-3":{"text-17":{"title":"","text":"<div class=\"bt-search-sidebar\">\r\n<a href=\"javascript:void(0)\"><i class=\"fa fa-search\"><\/i><\/a>\r\n<\/div>","filter":false},"search-5":{"title":""}},"bearstheme-menu-canvas-right-sidebar":{"social_widget-6":{"icon_social_1":"fa fa-facebook","link_social_1":"#","icon_social_2":"fa fa-google-plus","link_social_2":"#","icon_social_3":"fa fa-twitter","link_social_3":"#","icon_social_4":"fa fa-vimeo","link_social_4":"#","icon_social_5":"fa fa-youtube","link_social_5":"#","icon_social_6":"","link_social_6":"","title":"","el_class":""}},"bearstheme-newsletter-sidebar":{"text-19":{"title":"NEWSLETTER","text":"Get timely updates from your favorite products\r\n<img class=\"bt-men\" src=\"http:\/\/theme.bearsthemes.com\/wordpress\/beoreo\/wp-content\/uploads\/2016\/05\/men2.jpg\" alt=\"\">","filter":false},"newsletterwidget-4":{"title":"","text":"{subscription_form}"}},"bearstheme-custom-sidebar":{"newsletterwidget-3":{"title":"","text":""}},"bearstheme-custom-sidebar-2":{"text-18":{"title":"","text":"<div class=\"bt-banner-wrap\" style=\"background: rgba(0, 0, 0, 0) url('http:\/\/theme.bearsthemes.com\/wordpress\/beoreo\/wp-content\/uploads\/2016\/05\/men2.jpg') no-repeat scroll center center \/ cover ;\"><div class=\"bt-overlay\"><a href=\"#\"><i class=\"fa fa-share\"><\/i><\/a><\/div><\/div>","filter":false}},"bearstheme-custom-sidebar-3":{"bt_news_tabs_widget-3":{"posts":"3","extra_class":null},"categories-3":{"title":"By Categories","count":1,"hierarchical":0,"dropdown":0}},"bearstheme-custom-sidebar-4":{"woocommerce_products-3":{"title":"RECENT PRODUCTS","number":3,"show":"","orderby":"date","order":"desc","hide_free":0,"show_hidden":0}},"bearstheme-custom-sidebar-5":{"newsletterwidget-5":{"title":"","text":""}},"bearstheme-footer-top-widget":{"text-4":{"title":"","text":"<a href=\"#\" class=\"bt-logo\"><img alt=\"Footer Logo\" src=\"http:\/\/theme.bearsthemes.com\/wordpress\/beoreo\/wp-content\/uploads\/2016\/02\/logo-white.png\"><\/a>\r\n<div class=\"bt-desc\">befolio Website Builder is a big library of pre-designed web elements which help you create website in few minut- es hich help you create website\r\n<\/div>\r\n<ul class=\"bt-info\">\r\n<li><i class=\"fa fa-phone\"><\/i> Call Us 666 717 888 OR 211 222 333<\/li>\r\n<li><i class=\"fa fa-envelope\"><\/i> Send an Email on contact@expl<\/li>\r\n<li><i class=\"fa fa-map-marker\"><\/i> Visit Us 153 Fake Street- London United Kingdom<\/li>\r\n<\/ul>","filter":false},"social_widget-3":{"icon_social_1":"fa fa-facebook","link_social_1":"#","icon_social_2":"fa fa-twitter","link_social_2":"#","icon_social_3":"fa fa-google-plus","link_social_3":"#","icon_social_4":"fa fa-linkedin","link_social_4":"#","icon_social_5":"fa fa-dribbble","link_social_5":"#","icon_social_6":"fa fa-youtube","link_social_6":"#","title":"","el_class":""}},"bearstheme-footer-top-widget-2":{"tag_cloud-2":{"title":"POPULAR TAGS","taxonomy":"post_tag"},"text-7":{"title":"MAILING LIST","text":"<div class=\"bt-newsleter-before\">Sign up for our mailing list to get latest updates and offers.<\/div>","filter":false},"newsletterwidget-2":{"title":"","text":""},"text-8":{"title":"","text":"<div class=\"bt-newsleter-after\">We respect your privacy.<\/div>","filter":false}},"bearstheme-footer-top-widget-3":{"bt_post_list-2":{"title":"LATEST NEWS","category":"","posts_per_page":"3","orderby":"none","order":"none","el_class":""},"text-10":{"title":"","text":"<a class=\"bt-readmore\" href=\"#\">Read more <i class=\"fa fa-angle-double-right\"><\/i><\/a>","filter":false}},"bearstheme-footer-top-widget-4":{"text-9":{"title":"CONTACT US","text":"[contact-form-7 id=\"1342\" title=\"Contact form 2\"]","filter":false}},"bearstheme-footer-bottom-widget":{"text-5":{"title":"","text":"<div class=\"bt-coppyright\">\u00a9 BEARSTHEMES<\/div>","filter":false}},"bearstheme-footer-bottom-widget-2":{"text-6":{"title":"","text":"<ul class=\"bt-bottom-bar\">\r\n<li><a href=\"#\">Home<\/a><\/li>\r\n<li><a href=\"#\">About<\/a><\/li>\r\n<li><a href=\"#\">Services<\/a><\/li>\r\n<li><a href=\"#\">Portfolio<\/a><\/li>\r\n<li><a href=\"#\">Blog<\/a><\/li>\r\n<li><a href=\"#\">Contact<\/a><\/li>\r\n<\/ul>","filter":false}},"bearstheme-footer2-top-widget":{"text-11":{"title":"","text":"<a href=\"#\" class=\"bt-logo\"><img alt=\"Footer Logo\" src=\"http:\/\/theme.bearsthemes.com\/wordpress\/beoreo\/wp-content\/uploads\/2016\/04\/logo-white-v2.png\"><\/a>","filter":false},"lemongrid_widget-2":{"wg_id":"20160408_75833","title":"","type":"gallery","social":"instagram","username":"","apikey":"","count":"9","media_ids":"926,927,928","cell_height":"30","space":"10","template":"widget--gallery.php","extra_class":""},"text-12":{"title":"","text":"<div class=\"bt-desc\">I like the geometric visual, bold typo, easy grid and the well balan ced whitespace.<\/div>\r\n<a class=\"bt-btn-contact\" href=\"#\">CONTACT<\/a>","filter":false}},"bearstheme-footer2-top-widget-2":{"bt_recent_work-3":{"title":"LATEST WORKS","portfolio_category":"21,23,24,22","posts_per_page":"8","orderby":"none","order":"none","el_class":""}},"bearstheme-footer2-top-widget-3":{"text-13":{"title":"CONTACT US","text":"<div class=\"bt-desc\">I like the geometric visual, bold typo, easy grid and the well balan ced whitespace.<\/div>\r\n<ul class=\"bt-info\">\r\n<li><i class=\"fa fa-home\"><\/i> Seward Street, kla Home City, USA.<\/li>\r\n<li><i class=\"fa fa-envelope-o\"><\/i> info@yoursite.com<\/li>\r\n<li><i class=\"fa fa-phone\"><\/i> +900-78601 : +900-14578<\/li>\r\n<\/ul>","filter":false},"social_widget-4":{"icon_social_1":"fa fa-facebook","link_social_1":"#","icon_social_2":"fa fa-twitter","link_social_2":"#","icon_social_3":"fa fa-google-plus","link_social_3":"#","icon_social_4":"fa fa-dribbble","link_social_4":"#","icon_social_5":"fa fa-linkedin","link_social_5":"#","icon_social_6":"","link_social_6":"","title":"","el_class":""}},"bearstheme-footer2-bottom-widget":{"text-15":{"title":"","text":"<div class=\"bt-coppyright\">\u00a9 Copyright Bearsthemes 2016. All Rights Reserved<\/div>","filter":false}},"bearstheme-shop-right-sidebar":{"woocommerce_product_categories-2":{"title":"Categories","orderby":"name","dropdown":0,"count":1,"hierarchical":0,"show_children_only":0,"hide_empty":0},"woocommerce_layered_nav-3":{"title":"By Colour","attribute":"colour","display_type":"button","query_type":"or"},"woocommerce_price_filter-2":{"title":"By Price"},"woocommerce_products-2":{"title":"Popular Product","number":3,"show":"","orderby":"sales","order":"desc","hide_free":0,"show_hidden":0}}}